{"epoch/loss": -3.728843927383423, "epoch/binary_accuracy": 0.0, "epoch/val_loss": -4.556461334228516, "epoch/val_binary_accuracy": 0.0, "epoch/epoch": 29, "epoch/learning_rate": 0.009999999776482582, "_timestamp": 1704728266.9269333, "_runtime": 23.983943223953247, "_step": 30, "Test Error Rate": 100.0, "_wandb": {"runtime": 23}}