{"epoch/loss": 0.49501535296440125, "epoch/binary_accuracy": 0.8598130941390991, "epoch/val_loss": 0.8964632749557495, "epoch/val_binary_accuracy": 0.8426966071128845, "epoch/epoch": 49, "epoch/learning_rate": 0.004000000189989805, "_timestamp": 1704734532.31448, "_runtime": 84.19245100021362, "_step": 50, "Test Error Rate": 15.73, "_wandb": {"runtime": 83}}