{"epoch/loss": -19.61023712158203, "epoch/accuracy": 0.25046730041503906, "epoch/val_loss": -20.560771942138672, "epoch/val_accuracy": 0.2247191071510315, "epoch/epoch": 4, "epoch/learning_rate": 0.009999999776482582, "_timestamp": 1704725252.6158323, "_runtime": 299.7729802131653, "_step": 15, "epoch/binary_accuracy": 0.25046730041503906, "epoch/val_binary_accuracy": 0.2247191071510315, "Test Error Rate": 77.53}