{"Test Error Rate": 36.36, "_timestamp": 1704715284.4701633, "_runtime": 2418.794786453247, "_step": 0, "_wandb": {"runtime": 2514}}