{"epoch/loss": 0.6402748823165894, "epoch/binary_accuracy": 0.6168224215507507, "epoch/val_loss": 0.6259888410568237, "epoch/val_binary_accuracy": 0.6348314881324768, "epoch/epoch": 4, "epoch/learning_rate": 0.009999999776482582, "_timestamp": 1704727409.6978703, "_runtime": 136.08444619178772, "_step": 5, "Test Error Rate": 36.52, "_wandb": {"runtime": 7}}