{"Test Error Rate": 82.02, "_timestamp": 1704724810.7359135, "_runtime": 3.1332736015319824, "_step": 0, "_wandb": {"runtime": 1}}